Image #,Image,Piece #,Piece ID,Row,Column,Rarity,Points,Print %,"Qty per 10,000",QR Payload
1,ALEXANDRIA 01,1,image01-piece01,1,1,UNCOMMON,40000,0.75,75,collection01|image01|piece01
1,ALEXANDRIA 01,2,image01-piece02,1,2,UNCOMMON,40000,0.75,75,collection01|image01|piece02
1,ALEXANDRIA 01,3,image01-piece03,1,3,COMMON,20000,1.63,163,collection01|image01|piece03
1,ALEXANDRIA 01,4,image01-piece04,2,1,RARE,60000,0.58,58,collection01|image01|piece04
1,ALEXANDRIA 01,5,image01-piece05,2,2,EPIC,100000,0.38,38,collection01|image01|piece05
1,ALEXANDRIA 01,6,image01-piece06,2,3,RARE,60000,0.58,58,collection01|image01|piece06
1,ALEXANDRIA 01,7,image01-piece07,3,1,COMMON,20000,1.63,163,collection01|image01|piece07
1,ALEXANDRIA 01,8,image01-piece08,3,2,UNCOMMON,40000,0.74,74,collection01|image01|piece08
1,ALEXANDRIA 01,9,image01-piece09,3,3,COMMON,20000,1.63,163,collection01|image01|piece09
2,ALEXANDRIA 02,1,image02-piece01,1,1,COMMON,20000,1.63,163,collection01|image02|piece01
2,ALEXANDRIA 02,2,image02-piece02,1,2,UNCOMMON,40000,0.74,74,collection01|image02|piece02
2,ALEXANDRIA 02,3,image02-piece03,1,3,COMMON,20000,1.63,163,collection01|image02|piece03
2,ALEXANDRIA 02,4,image02-piece04,2,1,RARE,60000,0.57,57,collection01|image02|piece04
2,ALEXANDRIA 02,5,image02-piece05,2,2,EPIC,100000,0.38,38,collection01|image02|piece05
2,ALEXANDRIA 02,6,image02-piece06,2,3,UNCOMMON,40000,0.74,74,collection01|image02|piece06
2,ALEXANDRIA 02,7,image02-piece07,3,1,COMMON,20000,1.63,163,collection01|image02|piece07
2,ALEXANDRIA 02,8,image02-piece08,3,2,UNCOMMON,40000,0.74,74,collection01|image02|piece08
2,ALEXANDRIA 02,9,image02-piece09,3,3,COMMON,20000,1.63,163,collection01|image02|piece09
3,ALEXANDRIA 03,1,image03-piece01,1,1,COMMON,20000,1.63,163,collection01|image03|piece01
3,ALEXANDRIA 03,2,image03-piece02,1,2,UNCOMMON,40000,0.74,74,collection01|image03|piece02
3,ALEXANDRIA 03,3,image03-piece03,1,3,COMMON,20000,1.63,163,collection01|image03|piece03
3,ALEXANDRIA 03,4,image03-piece04,2,1,RARE,60000,0.57,57,collection01|image03|piece04
3,ALEXANDRIA 03,5,image03-piece05,2,2,MYTHIC,200000,0.2,20,collection01|image03|piece05
3,ALEXANDRIA 03,6,image03-piece06,2,3,RARE,60000,0.57,57,collection01|image03|piece06
3,ALEXANDRIA 03,7,image03-piece07,3,1,COMMON,20000,1.63,163,collection01|image03|piece07
3,ALEXANDRIA 03,8,image03-piece08,3,2,UNCOMMON,40000,0.74,74,collection01|image03|piece08
3,ALEXANDRIA 03,9,image03-piece09,3,3,COMMON,20000,1.63,163,collection01|image03|piece09
4,ALEXANDRIA 04,1,image04-piece01,1,1,COMMON,20000,1.63,163,collection01|image04|piece01
4,ALEXANDRIA 04,2,image04-piece02,1,2,UNCOMMON,40000,0.74,74,collection01|image04|piece02
4,ALEXANDRIA 04,3,image04-piece03,1,3,COMMON,20000,1.63,163,collection01|image04|piece03
4,ALEXANDRIA 04,4,image04-piece04,2,1,RARE,60000,0.57,57,collection01|image04|piece04
4,ALEXANDRIA 04,5,image04-piece05,2,2,UNCOMMON,40000,0.74,74,collection01|image04|piece05
4,ALEXANDRIA 04,6,image04-piece06,2,3,UNCOMMON,40000,0.74,74,collection01|image04|piece06
4,ALEXANDRIA 04,7,image04-piece07,3,1,COMMON,20000,1.63,163,collection01|image04|piece07
4,ALEXANDRIA 04,8,image04-piece08,3,2,COMMON,20000,1.63,163,collection01|image04|piece08
4,ALEXANDRIA 04,9,image04-piece09,3,3,COMMON,20000,1.63,163,collection01|image04|piece09
5,ALEXANDRIA 05,1,image05-piece01,1,1,COMMON,20000,1.63,163,collection01|image05|piece01
5,ALEXANDRIA 05,2,image05-piece02,1,2,UNCOMMON,40000,0.74,74,collection01|image05|piece02
5,ALEXANDRIA 05,3,image05-piece03,1,3,COMMON,20000,1.63,163,collection01|image05|piece03
5,ALEXANDRIA 05,4,image05-piece04,2,1,RARE,60000,0.57,57,collection01|image05|piece04
5,ALEXANDRIA 05,5,image05-piece05,2,2,UNCOMMON,40000,0.74,74,collection01|image05|piece05
5,ALEXANDRIA 05,6,image05-piece06,2,3,UNCOMMON,40000,0.74,74,collection01|image05|piece06
5,ALEXANDRIA 05,7,image05-piece07,3,1,COMMON,20000,1.63,163,collection01|image05|piece07
5,ALEXANDRIA 05,8,image05-piece08,3,2,COMMON,20000,1.63,163,collection01|image05|piece08
5,ALEXANDRIA 05,9,image05-piece09,3,3,COMMON,20000,1.63,163,collection01|image05|piece09
6,ALEXANDRIA 06,1,image06-piece01,1,1,COMMON,20000,1.63,163,collection01|image06|piece01
6,ALEXANDRIA 06,2,image06-piece02,1,2,UNCOMMON,40000,0.74,74,collection01|image06|piece02
6,ALEXANDRIA 06,3,image06-piece03,1,3,COMMON,20000,1.63,163,collection01|image06|piece03
6,ALEXANDRIA 06,4,image06-piece04,2,1,RARE,60000,0.57,57,collection01|image06|piece04
6,ALEXANDRIA 06,5,image06-piece05,2,2,UNCOMMON,40000,0.74,74,collection01|image06|piece05
6,ALEXANDRIA 06,6,image06-piece06,2,3,UNCOMMON,40000,0.74,74,collection01|image06|piece06
6,ALEXANDRIA 06,7,image06-piece07,3,1,COMMON,20000,1.63,163,collection01|image06|piece07
6,ALEXANDRIA 06,8,image06-piece08,3,2,COMMON,20000,1.63,163,collection01|image06|piece08
6,ALEXANDRIA 06,9,image06-piece09,3,3,COMMON,20000,1.63,163,collection01|image06|piece09
7,ALEXANDRIA 07,1,image07-piece01,1,1,COMMON,20000,1.63,163,collection01|image07|piece01
7,ALEXANDRIA 07,2,image07-piece02,1,2,UNCOMMON,40000,0.74,74,collection01|image07|piece02
7,ALEXANDRIA 07,3,image07-piece03,1,3,COMMON,20000,1.63,163,collection01|image07|piece03
7,ALEXANDRIA 07,4,image07-piece04,2,1,RARE,60000,0.57,57,collection01|image07|piece04
7,ALEXANDRIA 07,5,image07-piece05,2,2,EPIC,100000,0.37,37,collection01|image07|piece05
7,ALEXANDRIA 07,6,image07-piece06,2,3,UNCOMMON,40000,0.74,74,collection01|image07|piece06
7,ALEXANDRIA 07,7,image07-piece07,3,1,COMMON,20000,1.63,163,collection01|image07|piece07
7,ALEXANDRIA 07,8,image07-piece08,3,2,UNCOMMON,40000,0.74,74,collection01|image07|piece08
7,ALEXANDRIA 07,9,image07-piece09,3,3,COMMON,20000,1.63,163,collection01|image07|piece09
8,ALEXANDRIA 08,1,image08-piece01,1,1,COMMON,20000,1.63,163,collection01|image08|piece01
8,ALEXANDRIA 08,2,image08-piece02,1,2,UNCOMMON,40000,0.74,74,collection01|image08|piece02
8,ALEXANDRIA 08,3,image08-piece03,1,3,COMMON,20000,1.63,163,collection01|image08|piece03
8,ALEXANDRIA 08,4,image08-piece04,2,1,RARE,60000,0.57,57,collection01|image08|piece04
8,ALEXANDRIA 08,5,image08-piece05,2,2,UNCOMMON,40000,0.74,74,collection01|image08|piece05
8,ALEXANDRIA 08,6,image08-piece06,2,3,UNCOMMON,40000,0.74,74,collection01|image08|piece06
8,ALEXANDRIA 08,7,image08-piece07,3,1,COMMON,20000,1.63,163,collection01|image08|piece07
8,ALEXANDRIA 08,8,image08-piece08,3,2,COMMON,20000,1.63,163,collection01|image08|piece08
8,ALEXANDRIA 08,9,image08-piece09,3,3,COMMON,20000,1.62,162,collection01|image08|piece09
9,ALEXANDRIA 09,1,image09-piece01,1,1,COMMON,20000,1.62,162,collection01|image09|piece01
9,ALEXANDRIA 09,2,image09-piece02,1,2,UNCOMMON,40000,0.74,74,collection01|image09|piece02
9,ALEXANDRIA 09,3,image09-piece03,1,3,COMMON,20000,1.62,162,collection01|image09|piece03
9,ALEXANDRIA 09,4,image09-piece04,2,1,RARE,60000,0.57,57,collection01|image09|piece04
9,ALEXANDRIA 09,5,image09-piece05,2,2,LEGENDARY,150000,0.3,30,collection01|image09|piece05
9,ALEXANDRIA 09,6,image09-piece06,2,3,RARE,60000,0.57,57,collection01|image09|piece06
9,ALEXANDRIA 09,7,image09-piece07,3,1,COMMON,20000,1.62,162,collection01|image09|piece07
9,ALEXANDRIA 09,8,image09-piece08,3,2,UNCOMMON,40000,0.74,74,collection01|image09|piece08
9,ALEXANDRIA 09,9,image09-piece09,3,3,COMMON,20000,1.62,162,collection01|image09|piece09
10,ALEXANDRIA 10,1,image10-piece01,1,1,COMMON,20000,1.62,162,collection01|image10|piece01
10,ALEXANDRIA 10,2,image10-piece02,1,2,UNCOMMON,40000,0.74,74,collection01|image10|piece02
10,ALEXANDRIA 10,3,image10-piece03,1,3,COMMON,20000,1.62,162,collection01|image10|piece03
10,ALEXANDRIA 10,4,image10-piece04,2,1,RARE,60000,0.57,57,collection01|image10|piece04
10,ALEXANDRIA 10,5,image10-piece05,2,2,EPIC,100000,0.37,37,collection01|image10|piece05
10,ALEXANDRIA 10,6,image10-piece06,2,3,RARE,60000,0.57,57,collection01|image10|piece06
10,ALEXANDRIA 10,7,image10-piece07,3,1,COMMON,20000,1.62,162,collection01|image10|piece07
10,ALEXANDRIA 10,8,image10-piece08,3,2,UNCOMMON,40000,0.74,74,collection01|image10|piece08
10,ALEXANDRIA 10,9,image10-piece09,3,3,COMMON,20000,1.62,162,collection01|image10|piece09
